hashtag,count
#fitness,238
#pilates,214
#homeworkout,160
#workout,146
#yoga,146
#weightloss,120
#pilatesinstructor,119
#inspirational,118
#trapmusic,118
#blackgirlyoga,118
#ratchetaffirmations,118
#trapyogabae,118
#twerking,117
#trapyogabaepresents,117
#hiphop,116
#mybeautifulasslife,116
#selfcareis,115
#trapyoga,115
#pilatescommunity,114
#diet,112
#inspirationalquotes,111
#thehappybodyplan,109
#matpilates,101
#hiit,97
#coreworkout,96
#happybody,85
#stottpilates,85
#youcan,83
#resilient,83
#caloriedeficit,83
#dietplan,82
#traptribe,82
#makeit,82
#transformation,81
#motivation,79
#exercise,78
#fitnessmotivation,76
#mealplan,69
#simeonpanda,67
#sweat,65
#pilatesathome,65
#pilatesmatwork,65
#pilatesmat,63
#ad,62
#bodypositivity,62
#pilateslovers,61
#caloriecounting,61
#hiitworkout,59
#pilatesbody,57
#corestrength,56
#pmacfitness,56
#results,55
#fitnessinspo,54
#ballet,54
#bodybuilding,54
#beforeandafter,54
#pilatessuspensionmethod,52
#stottpilatesinstructor,52
#homeexercises,52
#pilatesfitness,52
#absworkout,52
#pilates949,52
#health,51
#pilatessuspension,50
#yogafitness,50
#pilatesfit,50
#mrolympia,50
#sweatcommunity,49
#pilateswithprops,49
#pilatesexercise,49
#pilatesexercises,49
#pilatesandyoga,49
#clubpilatesinstructor,47
#neatup247,46
#bodygoals,46
#homefitness,45
#marchmatness2021,45
#marchmatness,44
#bangenergy,44
#wellness,43
#pilatesplaceyyc,43
#energydrink,42
#trapspriation,42
#weightlossjourney,42
#pilatesstrong,42
#clubpilates,41
#pilatesapp,41
#fatburn,38
#lareina,38
#projectpmac,38
#abs,37
#pilateslife,36
#isymfs,34
#goals,34
#strengthtraining,34
#virtualpilates,33
#reformerpilates,33
#traceymallett,33
#intervaltraining,33
#healthy,33
#ironaddict,32
#dexterjackson,32
#dexterjacksonproductions,32
#blade,32
#builtbyblade,32
#dexterjacksonclassic,32
#dexter,32
#built,32
#dex,32
#mro,32
#bodybyblade,32
#mrolympia08,32
#kelseywellspwr,32
#dexterjacksonsignatureseries,31
#barre,31
#weightlosstransformation,31
#dexsupplements,31
#obliques,31
#gym,30
#activewearforwomen,30
#fitover50,30
#bbgathome,30
#pilatesonline,30
#getfit,30
#fit,29
#tbt,29
#matwork,29
#dextersupplements,29
#food,29
#love,29
#activewearaddict,29
#brittanycavaco,29
#barrefit,28
#nashvilleblogger,28
#fluidformpilates,28
#theonlywayisthrough,28
#lyrical,28
#lyricaldance,28
#pilatesinspiration,28
#beginnerspilates,28
#bbg,27
#pilatesformums,27
#fluidformlive,27
#pilatesgoldcoast,27
#reformeronline,27
#reformerathome,27
#barrefitness,27
#pilatessydney,27
#fluidformathome,27
#healthateverysize,27
#nutrition,27
#magiccircleworkouts,27
#ffah,27
#resistancecircle,27
#magiccirclepilates,27
#workoutsonline,27
#internationalwomensday,27
#pilatesmelbourne,27
#postnatalpilates,27
#fluidform,27
#breakingthestereotype,26
#beastmode,26
#kelseywells,26
#pwr,26
#inspiration,26
#balletbeautifulgirls,26
#bodycoachapp,26
#roellywinklaar,25
#pilatesbrasil,25
#barrepilates,25
#betterthanever,25
#allbodiesaregoodbodies,25
#ifbbproleague,25
#thebeast,25
#teamoxygen,25
#fitnessjourney,25
#homepilates,25
#bodyconfidence,25
#o2gyms,25
#werecomingforitall,25
#strengthandconditioning,25
#tequilaofthepeople,25
#thebodycoach,24
#pilatesbrisbane,24
#fluidformbyronbay,24
#homeworkouts,24
#dance,24
#wellbeing,24
#toneybandsthursday,24
#fitnessplan,23
#driven,23
#mwhmethod,23
#liss,23
#deal,23
#injuryprevention,23
#realresults,23
#redefinefitness,22
#womensworkout,22
#fatloss,22
#coretraining,22
#toning,22
#training,22
#mindbodyconnection,21
#fitnesstrainer,21
#lettersbylamise,21
#worldwideballet,20
#legworkout,20
#activewearfashion,20
#blackyogi,20
#healthylifestyle,20
#pilatesteacher,20
#mondaymotivation,20
#healthyeating,20
#sale,20
#core,20
#athomeworkouts,19
#legday,19
#fullbodyworkout,19
#coreexercises,19
#athomeworkout,19
#fitspo,19
#balletaddiction,19
#fiercecommunity,19
#pilatestv,19
#childofgod,18
#fitnessapp,18
#justmove,18
#fierce,18
#fitnesstransformation,18
#nashvillescene,18
#toneybands,18
#calories,18
#legs,18
#fitover55,18
#susanniebergallfitness,18
#fitover60,18
#sweatathome,18
#pwrprogress,17
#nashvillewomen,17
#iamdedicated,17
"#sweatcommunity,",17
#workoutmotivation,17
#swissballpilates,17
#iamdedicated_army,17
#teremana,17
#ballerinasofinstagram,17
#fierceathome,17
#balletinspiration,17
#nashvillegram,17
#bootyworkout,16
#strongwomen,16
#life,16
#hipmobility,16
#thedailykelsey‚Å£,16
#yogaforlife,16
#youngrock,16
#pilatespropfree,16
#longleanlines,16
#ironaddictsgym,16
#corechallenge,16
#weightwatchers,16
#lowcarb,16
#solochoreography,16
#fitover40,16
#fitlife,16
#flexatron,15
#lowerbodyworkout,15
#balletclub,15
#calorie,15
#repost,15
#15,15
#classicalballet,15
#thedailykelsey,15
#fitfam,15
#lowimpactworkout,15
#abworkout,15
#pilatesworkout,15
#lowimpactwithkayla,15
#glutes,14
#paidinfull,14
#healthyfood,14
#kosquad,14
#no16,14
#ketogenic,14
#founder,14
#glutesworkout,14
#flexibledieting,14
#egyptian_genetics_now_global,14
#letsgo,14
#legsworkout,14
#gaynorminden,14
#bbgprogress,14
#lowcarbohydrate,14
#myfitnesspal,14
#lowcal,14
#balletworld,14
#blackgirlswhoyoga,14
#keto,14
#cleaneating,13
#iifym,13
#gaynorgirls,13
#intermittentfasting,13
#mygaynorminden,13
#gifted],13
#ballet_a,13
#homeworkouts_4u,13
#positivevibes,13
#family,13
#fitnesstraining,13
#upperbodyworkout,13
#focus,13
#effyourbeautystandards,13
#eldiamante,13
#dancer,13
#gluteworkout,13
#1,13
#balance,13
#balletspirit,13
#bbgzeroequipment,13
#lchf,13
#barreworkout,12
#stretch,12
#relationshipgoals,12
#weightlossmotivation,12
#fitnessgoals,12
#eatliftthrive,12
#transformationtuesday,12
#balletlovers,12
#theartofresilience,12
#pilatesforeverybody,12
#yogisofinstagram,12
#mro15,12
#losangeles,12
#pointeshoes,12
#believeinyourself,12
#caloriecomparison,12
#iwd2021,12
#bodyweightworkout,12
#alternatedayfasting,12
#workoutathome,12
#pwrathome,12
#menopausefitness,12
#eatclean,12
#nashvillefitness,11
#mobilitytraining,11
#recipes,11
#plussizedancer,11
#elimin8challenge,11
#bodyacceptance,11
#purpose,11
#instaballet,11
#hijadecristo,11
#corefitness,11
#bodyweightexercises,11
#zoaarmy,11
#bopoballerina,11
#healingwithpilates,11
#magiccircle,11
#haes,11
#throwbackthursday,11
#workoutplan,11
#r1athlete,11
#style,11
#functionaltraining,11
#nojumpingworkout,11
#booty,11
#cardio,11
#pilatesforathletes,11
#onlytheavatars,11
#hamstrings,11
#lornajaneactive,11
#strongabs,11
#hamstringworkout,11
#ballerinasofig,11
#yogainspiration,11
#ambassador,11
#weekend,11
#gaynorgirlsallovertheworld,11
#motivationmonday,10
#menopauseweightloss,10
#shouldersworkout,10
#selflove,10
#mentalhealth,10
#frontsideback,10
#mobilityexercises,10
#inspire,10
#balletpost,10
#plussizeblogger,10
#colleensaidman,10
#balletdancers,10
#workoutclip,10
#fitmom,10
#mealprep,10
#teremanatuesday,10
#innosupps,10
#freshbodyfitmind,10
#focused,10
#nashville_tn,10
#ambrosiacollective,10
#beefcake,10
#exerciseball,10
#,10
"#bbgcommunity,",10
#maelevate,10
#nashvilletennessee,10
#pilatesball,10
#illbeback,10
#womenshealth,10
#toneybandsteampartner,10
#workoutwednesday,10
#balletlove,10
#matworkchallenge,10
#pilatesbarreondemand,10
#instagood,9
#loveballet,9
#fruit,9
#toneybandsppyyc,9
#selfcare,9
#strength,9
#sugar,9
#abdominalworkout,9
#gmwearer,9
#lifestyle,9
#intuitivemovement,9
#trainhappy,9
#squats,9
#blackadam‚ö°Ô∏è,9
#fatacceptance,9
#powerfulwomen,9
#mood,9
#quads,9
#balletphotography,9
#nashvilleliving,9
#prenatalpilates,9
#halfoff,9
#legdayworkout,9
#pilatespropfreeppyyc,9
#yogaandpilates,9
#protein,9
#plussizemodel,9
#la,9
#zoompilates,9
#pilateseveryday,9
#spinemobility,9
#mindset,9
#halfprice,9
#goldcoast,9
#bootybarre,9
#fiercezeroequipment,9
#fitballfire,9
#healingjourney,9
#coreworkouts,8
#stepupstarz,8
#choreography,8
#fashionnova,8
#dedication,8
#healthiswealth,8
#teasertuesday,8
#ulissesworld,8
#blogilates,8
#squat,8
#pilatesbook,8
#abchallenge,8
#onlytheavatar,8
#nashvillestyle,8
#pilatestraining,8
#goodvibes,8
#zoa,8
#backstrengthening,8
#shoulders,8
#bodyliberation,8
#corestability,8
#belegend,8
#blgd,8
#arms,8
#gymaesthetics,8
#redcon1,8
#fashion,8
#thedragonslairgym,8
#bodypositivefitness,8
#inspo,8
#beachbody,8
#tone,8
#posteriorchain,8
#balletphotoshoot,8
#sweatcollective,8
#menopauseweightgain,8
#getresults,8
#fastedandfurious,8
#plankchallenge,8
#tulum,8
#positiveenergy,8
#yogashanti,8
#ballerinaproject,8
#lovedds,8
#positivethinking,8
#fitnessinstructor,8
#fructose,8
#powerlifting,8
#model,8
#posture,8
#weightlifting,8
#coordination,8
#jojogomezchoreography,8
#dietfood,8
#foodporn,8
#nashville,8
#crewefitness,8
#fitballppyyc,7
#balletpassion,7
#cifss,7
#ballerina,7
#yeahbuddy,7
#app,7
#ddsambassador,7
#mindsetcoach,7
#mistycopeland,7
#10minuteppyyc,7
#spacetv,7
#lornajane,7
#gaynorgirl,7
#discountdance,7
#gymshark,7
#personaltrainer,7
#fitnesshelp,7
#bodyneutrality,7
#plussizefitness,7
#thenevers,7
#homegym,7
#presurgery,7
#althlete,7
#ma60day,7
#mawarrior,7
#hipmobilitywork,7
#bbarreless,7
#spinehealth,7
#bodykindness,7
#as,7
#ga,7
#mens,7
#swag,7
#malemodel,7
#progress,7
#armworkout,7
#foodie,7
#musiccity,7
#toneitup,7
#nashvillelife,7
#bikinibody,7
#fatpositive,7
#linkinbio,7
#prenatalchallenge,7
#boohooman,7
#mensfashion,7
#homeworkoutvideos,7
#franklintn,7
#haesig,7
#fitball,7
#barreless,7
#motivationalquotes,7
#gains,7
#toxicmold,7
#mensstyle,7
#menswear,7
#warmup,7
#running,7
#menstyle,7
#menstyleguide,7
#raw,7
#mensshoes,7
#mexico,7
#throwback,7
#pwrprogram,7
#yogasuspension,7
#tb,6
#fastresults,6
#resistancebandsworkout,6
#backworkout,6
#positivemindset,6
#happyweight,6
#drip,6
#issacertified,6
#fbf,6
#bodypositive,6
#bootybuilding,6
#womensfitness,6
#nashvillelove,6
#pilatesglobal,6
#essenceyogi,6
#gymworkout,6
#healthyliving,6
#resistancebands,6
#working,6
#slim,6
#movement,6
#sweatapp,6
#pilatesforbeginners,6
#plyometrics,6
#armsworkout,6
#rastayogi,6
#blackwomenwhoyoga,6
#brittnebabe21daychallenge,6
#obesity,6
#blackadamtraining‚ö°Ô∏è,6
#upilates,6
#bohobeautiful,6
#pilatescourse,6
#rcss,6
#barresuspension,6
#yogapractice,6
#shoulderworkout,6
#ronniecoleman,6
#barrecommunity,6
#hometraining,6
#womensexercise,6
#quote,6
#dieting,6
#havefun,6
#bodyweightworkouts,6
#poteriorchain,6
#pilateschallenge,6
#sewandgo,6
#happy,6
#muscle,6
#bbgcommunity,6
#zoaenergy,6
#positivity,6
#photooftheday,6
#solotuesday,6
#new,6
#sweatchallenge,6
#corework,6
#rodneyyeeyoga,6
#totalbodyworkout,6
#obliquesworkout,6
#howtoloseweight,6
#meditation,6
#doyou,6
#fatlosshelp,6
#miniballppyyc,6
#bbgtransformation,6
#gymtips,6
#cobham,5
#easter,5
#colemanathletics,5
#performsmart,5
#womensday,5
#ramadan2021,5
#wundabar,5
#pilatescadillac,5
#balletdancer,5
#yogateacher,5
#thebestisyettocome,5
#waybackwednesday,5
#aloanimalsofthewild,5
#community,5
#feetfriday,5
#aloyoga,5
#couplegoals,5
#nutritiontips,5
#mwhtransformation,5
#joyfulmovement,5
#youngrocküí™üèæüå∫,5
#workforit,5
#wbw,5
#bbgmums,5
#lowimpact,5
#fitnesssale,5
#dumbbellworkout,5
#gymquotes,5
#live,5
#clientspotlight,5
#lifestylechange,5
#nashvilletn,5
#feral,5
#90dayshred,5
#earthday,5
#tasty,5
#fitnessafter50,5
#yeahbuddyapp,5
#ballett,5
#wundabarpilates,5
#nashvillestrong,5
#bikini,5
#bodypositivemovement,5
#balletto,5
#teamfitbyvalen,5
#noequipmentworkout,5
#confidence,5
#deadlifting,5
#dreambig,5
#friday,5
#yum,5
#gymshark66,5
#supplements,5
#vertuecrew,5
#barrebody,5
#film,5
#lowerbodystrength,5
#zoaenergyüí•,5
#yogafit,5
#redline,5
#athlete,5
#nashvillefit,5
#counselorsofinstagram,5
#fatgirlsrock,5
#stabilityball,5
#letsdothis,5
#delicious,5
#movementismedicine,5
#stabilitytraining,5
#fitmama,5
#fitnessball,5
#pilatesplankchallenge21,5
#quarantineworkout,5
#powertec,5
#balletfeet,5
#djsinfamouscoconutbananapancakes,5
#pilatesstyle,5
#innerthighs,5
#ibswarrior,5
#nashvillelocal,5
#dancerscomeinallsizes,5
#wellnesswednesday,5
#thighworkout,5
#mobility,5
#noofuzion,5
#glutesüçë,5
#obliqueworkout,5
#fitballfriday,5
#spring,5
#gymlife,4
#balletlife,4
#bootybands,4
#prettysavage,4
#iwd,4
#travel,4
#bootybandworkout,4
#clapham,4
#guacontherock,4
#earlsfield,4
#pilatesfitballmagic,4
#foamroller,4
#supportsmallbusiness,4
#reach,4
#pilatesteaser,4
#sforce,4
#losingweight,4
#howtolosefat,4
#howtogetstrong,4
#zoaüí•üçÉ,4
#worldsfirst,4
#positivebodyimage,4
#honormycurves,4
#venndesign,4
#trainer,4
#ballerinalife,4
#momlife,4
#watch,4
#buildingmuscle,4
#hbo,4
#vennballmatness,4
#myopenfit,4
#girlswholiftheavy,4
#contrology,4
#innovation,4
#balletgirl,4
#internationaldanceday,4
#therapyiscool,4
#carbs,4
#tricepsworkout,4
#fitnessregime,4
#musclegrowth,4
#sumodeadlift,4
#powerliftingwomen,4
#gymvideos,4
#healthymeals,4
#workoutinspiration,4
#bodybarre,4
#upilatesstudio,4
#workoutfromhome,4
#plankworkout,4
#shouldersday,4
#bootylift,4
#dumbellworkout,4
#flowingwithkeri,4
#sideplank,4
#pilatesbarre,4
#sixpackworkout,4
#sixpackabs,4
#abdominals,4
#over40fitness,4
#australia,4
#cheatmeal,4
#pwrful,4
#intuitiveeating,4
#teamnoexcuses,4
#yogablocks,4
#ballet_soul,4
#suspensionpilates,4
#breathe,4
#beyou,4
#cheatmealsunday,4
#newgoals,4
#newproduct,4
#choosetochallenge,4
#yogi,4
#joewicks,4
#strongmom,4
#empwr,4
#womenempowerment,4
#plussize,4
#mindsetiseverything,4
#maninblack,4
#lockdown,4
#brooklynheights,4
#free,4
#summer,4
#therapistsofinstagram,4
#pilatesworkshop,4
#higheststateofreadiness,4
#boxing,4
#seltering,4
#catmeffanyoga,4
#iag,4
#fatlosstips,4
#zeroequipment,4
#yogacommunity,4
#balancedbody,4
#flashbackfriday,4
#womensupportingwomen,4
#believe,4
#pigiron,4
#bodyweighttraining,4
#pilatesring,4
#pilatestime,4
#ironaddictcertified,4
#wellfar,4
#beginnerworkout,4
#happybirthday,4
#quarantinefitness,4
#mysoulsanctuary,4
#yogachallenge,4
#ibsawareness,4
#trapspiration,4
#gratitude,4
#behappy,4
#fullbodyintegration,4
#cherifit,4
#breathlesscabo,4
#mawarriors,4
#beinspired,4
#pilateslove,4
#matworkpilates,4
#imblessed,4
#newdesign,3
#recipe,3
#realtalk,3
#day,3
#cleoharperactivewear,3
#shoulderstability,3
#fitmamalife,3
#kidsandcopartner,3
#pilatescore,3
#donotgogentle,3
#sun,3
#summershred,3
#breakingnews,3
#foodideas,3
#healthyrecipes,3
#thebrittanycavacocollection,3
#newcollection,3
#bethechange,3
#bodypositivitymovement,3
#clip,3
#win,3
#spreadlove,3
#beach,3
#cmo,3
#bodyengineers,3
#studiocity,3
#yogilife,3
#somethingnew,3
#pilatesbrisbtane,3
#refine,3
#discipline,3
#newrelease,3
#hijasecristo,3
#stronger,3
#alochallenge,3
#cool,3
#news,3
#midnightoilburnersüïØ,3
#newarrival,3
#csb,3
#chooseunion,3
#deliciousness,3
#namaste,3
#uppereastside,3
#cropshopboutique,3
#dinner,3
#competitiontime,3
#traincentr,3
#lifejourney,3
#goodnews,3
#newday,3
#newlife,3
#familytime,3
#sandiego,3
#musclebuilding,3
#brandnew,3
#colleensaidmanyee,3
#newfriend,3
#meals,3
#virtualyoga,3
#flexdiscfit,3
#highestinquality,3
#fasting,3
#ramadanmubarak,3
#womenshistorymonth,3
#thankyou,3
#psychotherapy,3
#barreteachertraining,3
#barrebooty,3
#dietculturedropout,3
#posturefix,3
#mold,3
#monday,3
#tgif,3
#bootylifter,3
#ramadankareem,3
#bootyfordays,3
#fitnesslove,3
#plank,3
#ramadan,3
#balletphoto,3
#benchpress,3
#kettlebellworkout,3
#mindfulness,3
#believeachieverepeat,3
#fuckexcuses,3
#weightlifter,3
#podcast,3
#samsonstrong,3
#fableticseuambassador,3
#fableticsuk,3
#beginnerpilates,3
#fitnesslifestyle,3
#lowerbody,3
#burpees,3
#glutesfordays,3
#easyrecipes,3
#masteryourmindset,3
#healing,3
#centr,3
#preworkout,3
#bestintaste,3
#workoutculture,3
#lasry,3
#santamonica,3
#saturday,3
#blessed,3
#treat,3
#easymeals,3
#breakfast,3
#pewithjoe,3
#pisces,3
#longtailrally,3
#workouttips,3
#underarmour,3
#rehearsal,3
#tabata,3
#trainingathome,3
#circuittraining,3
#counseling,3
#trainingmotivation,3
#barreblend,3
#details,3
#fitnessvideo,3
#workoutideas,3
#dixiehummingbirds,3
#fitballfireppyyc,3
#pilatesworld,3
#resistancetraining,3
#ankleweights,3
#soho,3
#kettlebell,3
#nashvilledancers,3
#dojacat,3
#flexfriday,3
#curry,3
#beyourself,3
#abexercises,3
#smile,3
#postpartumjourney,3
#thankful,3
#myopenfitfam,3
#pilatesflow,3
#halfmarathon,3
#runners,3
#howtobuildmuscle,3
#addominali,3
#birthday,3
#glutesday,3
#tonedarms,3
#streets,3
#postpartumpilates,3
#bouldershoulders,3
#teremanadistillery,3
#bodyimagemovement,3
#choreographer,3
#ianeastwood,3
#prettymuch,3
#pilatesinspired,3
#walking,3
#photography,3
#mindfulmovement,3
#splits,3
#londonlife,3
#marathontraining,3
#wce,3
#instamood,3
#swissball,3
#sponsored,3
#glutei,3
#work,3
#loopband,3
#pilatesismagic,3
#fitgirl,3
#gamechanger,3
#menopauseexercise,3
#patience,3
#therabandworkout,3
#upperbodyexercise,3
#dontgiveup,3
#balletfitness,3
#centercenter,3
#girlswithmuscle,3
#vennball,3
#bandworkout,3
#standingpilates,3
#weightlosshelp,3
#balletislife,3
#miniball,3
#greatbritishswim,3
#actor,3
#fatherdaughter,3
#diethelp,3
#gonuvo,3
#fitatfifty,3
#coach,3
#nuvodanceconvention,3
#challengeaccepted,3
#pilatestvabchallenge,3
#onlinecoaching,3
#movedaily,3
#balletworldwide,3
#youngrocküí™üèæ,3
#friends,3
#manaohana,3
#brittnebabe,3
#pilatesday,3
#dailyworkouts,3
#sevenbuckscompanies,3
#rhb,3
#tlf,3
#dailymotivation,3
#balletphotographer,3
#believeinyou,3
#fitcon,3
#stretchmarks,3
#athletapartner,3
#abworkouts,3
#knowyourworth,3
#hiittraining,3
#bohobeautifullife,3
#popflex,3
#instadaily,3
#energy,3
#selfreminder,3
#nationalpilatescertificationprogram,3
#zoafamily,3
#momboss,3
#womensfitnessmotivation,3
#happyeaster,3
#nebbiafitness,3
#prosupps,3
#bahrüëÅ,3
#loveofballet,3
#fun,3
#hardworkpaysoffs,3
#carbon38,3
#bailarina,3
#acroyoga,3
#thenandnow,3
#7weeksout,3
#lunges,3
#happyanniversary,3
#tacotuesday,3
#singlelegstretch,3
#handstandpractice,3
#dragonslairgym,3
#youdoyou,3
#happyinternationalwomensday,3
#takelifefurther,3
#stayhealthy,3
#divablocks,3
#sunshine,3
#liftwithsohee,3
#frenchbulldog,3
#familylove,2
#form,2
#haircut,2
#pilatesstudio,2
#obliquesablaze,2
#keepmoving,2
#toningworkout,2
#winedownwednesday,2
#fitgal,2
#absworkoutvideo,2
#magiccirclemonday,2
#laworkout,2
#movewell,2
#movewise,2
#lunch!,2
#innerthighworkout,2
#earthday2021,2
#instadog,2
#barrequeen,2
#impossiblepartner,2
#glutesonfire,2
#pilatesbarreonline,2
#apartmentfriendlyworkout,2
#passthepilatesball,2
#girlboss,2
#healthysnacks,2
#cardioworkout,2
#elasticbandsworkout,2
#pilatespower,2
#homemade,2
#flexibilitytraining,2
#westlakevillage,2
#pilatesreformer,2
#montrose,2
#advancedworkout,2
#Ô¨Åtness,2
#innerthigh,2
#positivequotes,2
#onlinetraining,2
#pointe,2
#functionalfitness,2
#pilatesinstructors,2
#lafit,2
#neckpull,2
#pushup,2
#balletshoes,2
#bootygainsüçë,2
#humpdaymotivation,2
#pilatesgermany,2
#healthyfoodideas,2
#legsday,2
#pizza,2
#wundaformer,2
#niece,2
#losfeliz,2
#pasadena,2
#muscleactivation,2
#abdominais,2
#beautifuldestinations,2
#instagram,2
#womensday2021,2
#potatoes,2
#openlegrocker,2
#outdooryoga,2
#spinestretch,2
#bignews,2
#bulking,2
#circuitworkout,2
#salad,2
#detail,2
#structure,2
#bbgtransformations,2
#getit,2
#swimming,2
#foamrollerppyyc,2
#chocolate,2
#ekaterinamaximova,2
#nashvilledancer,2
#inversionpractice,2
#outdoorworkout,2
#teamc38,2
#fitnesscommunity,2
#hypervibe,2
#thecindies,2
#photobookmagazine,2
#headstandpractice,2
#bodyrespect,2
#easter2021,2
#internationalpilatesday,2
#balletclass,2
#inversionjunkie,2
#cadillacpilates,2
#stopasianhate,2
#edrecovery,2
#bookstagram,2
#stretching,2
#vibes,2
#watchbacks,2
#sidebend,2
#paleodiet,2
#ownthecrown,2
#shefit,2
#ondemandworkouts,2
#rethinkyourbra,2
#2weektrial,2
#openfit,2
#openfitapp,2
#director,2
#beactive,2
#pilatesbar,2
#blackpink,2
#nashvillefitfam,2
#blinks,2
#barbie,2
#freebritney,2
#flexnow,2
#swissballtraining,2
#stabilityballworkouts,2
#armsandshoulders,2
#flexcords,2
#hipflexors,2
#curvy,2
#getmoving,2
#ùü∑ùü∂ùöèùöòùöõùü∑ùü∂ùôøùôøùöàùöàùô≤,2
#loveyourmother,2
#tutu,2
#gentlepilates,2
#maplepoleppyyc‚Äî‚Äî‚Äî‚Äî‚Äî‚Äî‚Äî‚Äî‚Äî‚Äî‚Äî‚Äî‚Äî‚Äî‚Äî‚Äî‚Äî‚Äî‚Äî‚Äî‚Äî‚Äî‚Äî,2
#backfit,2
#backhealth,2
#smartmovement,2
#bcxsd,2
#liveperformance,2
#planking,2
#stabilitychallenge,2
#reflection,2
#happyearthday,2
#onthisday,2
#fridayfitness,2
#nike,2
#magiccircleppyyc,2
#ausballet,2
#beginnersppyyc,2
#aloempowerher,2
#alhamdulillahforeverything‚ù§Ô∏è,2
#sodanca,2
#yycfit,2
#planking#homefitness,2
#piyo,2
#reebokpartner,2
#canadafitness,2
#writeyourlegacy,2
#fitnessforeveryone,2
#giveaway,2
#ootd,2
#control,2
#powerofshe,2
#sufferwithsylvia,2
#healthandfitness,2
#youthfitness,2
#doubletroubleprops,2
#fitideas,2
#laser,2
#bohobeautifulyoga,2
#stability,2
#yogalates,2
#yogaeveryday,2
#matworkout,2
#beachsissi,2
#foamrollerworkout,2
"#aloempowerher,",2
#fitnesscircle,2
#bodyimage,2
#moneyoff,2
#fitlifestyle,2
#barrelovers,2
#pilateshiit,2
#cardiobarre,2
#fitnessinspiration,2
#functionalfitnes,2
#dumbbellworkouts,2
#backbendlove,2
#fitnessculture,2
#backbend,2
#waybetterapp,2
#reformerworkout,2
#exerciseplan,2
#foodsnaps,2
#healthfood,2
#backbendpractice,2
#conditioning,2
#dancersofinstagram,2
#chairworkout,2
#barreinstructor,2
#yogaclass,2
#plussizebloggers,2
#paleo,2
#carnivore,2
#sixpack,2
#italygraceduke,2
#adidastraining,2
#rfefitness,2
#heretocreate,2
#barrefriendsworldwide,2
#downtownfranklintn,2
#historicfranklintn,2
#aexme,2
#brentwoodtn,2
#plussizefashion,2
#visitfranklintn,2
#franklintnphotographer,2
#chronicillness,2
#bootyworkouts,2
#homeexercise,2
#stevemadden,2
#icecream,2
#weightlossprogram,2
#optp,2
#power,2
#lockdown3.0,2
#giveaways,2
#liveclasses,2
#yogalife,2
#plantpower,2
#pilatesxboxing,2
#powerpilates,2
#performance,2
#suspensionbarre,2
#yogablock,2
#steadystate,2
#totalbody,2
#femalefitnessmotivation,2
#cleoharper,2
#vacation,2
#livehealthynow,2
#physioball,2
#siblings,2
#skincare,2
#strongcore,2
#abschallenge,2
#yogaeverydamnday,2
#pmacchallenge,2
#celebration,2
#toned,2
#bootyband,2
#fatliberation,2
#weightlossgoals,2
#yogaflows,2
#snacks,2
#foodswap,2
#stopaapihate,2
#healtheating,2
#brunch,2
#veggie,2
#happybodyplan,2
#spring2021,2
#picoftheday,2
#toronto,2
#lyzabethlopez,2
#treepose,2
#birthdaylove,2
#happysunday,2
#vrksasana,2
#eatferal,2
#factsdaily,2
#support,2
#chestworkout,2
#veggies,2
#goodmorning,2
#fatlossjourney,2
#back,2
#comingsoon,2
#tabataworkout,2
#90s,2
#dadlife,2
#chestday,2
#94,2
#diettips,2
#theu,2
#dream,2
#humpday,2
#thestruggleisreal,2
#weightlosssuccess,2
#motivated,2
#landmine,2
#teamdontgiveup,2
#yougotthis,2
#vertuemethod,2
#womenpower,2
#evaandressa,2
#trailblazeraward,2
#over40women,2
#noexcuses,2
#letgo,2
#celsiusambassador,2
#mindovermuscle,2
#weighttraining,2
#restday,2
#eat,2
#strongbody,2
#fitspiration,2
#commitment,2
#warriormana,2
#flex,2
#ufc260,2
#loungeturns5,2
#weightlossinspiration,2
#mycookiedealer,2
#bringinit,2
#process,2
#art,2
#mikerashid,2
#saw,2
#stronggirls,2
#perspective,2
#hustle,2
#hobbs,2
#youmatter,2
#loungewear,2
#pushupsfordays,2
#walk,2
#posing,2
#perfectpushup,2
#aries,2
#exercisemotivation,2
#youareenough,2
#weworking,2
#healthcoach,2
#areyounoccoenough,2
#grind,2
#happyfriday,2
#dietingtips,2
#sonday,2
#npcmelchanceychampionmuscleclassic,2
#exercisetips,2
#powerlift,2
#fitnessprogress,2
#aesthetic,2
#smartwear,2
#3dmusclejourney,2
#desire,2
#htm1,2
#3dmjpodcast,2
#team3dmj,2
#worldbookday,2
#travelgram,2
#fiitfaced,2
#timgardnerproductions,2
#leanin15,2
#justiceleague,2
#npc,2
#home2suitesbyhilton,2
#bloodflowrestrictiontraining,2
#marchathon,2
#weightlosstips,2
#justmove‚Å£,2
#healthjourney,2
#personaltraining,2
#motivationdaily,2
#runningmotivation,2
#smilemore,2
#gawarrior,2
#happydays,2
#itsthelittlethings,2
#strengthcoach,2
#physique,2
#votwear,2
#2021,2
#philheathclassic,2
#tuesday,2
#philheath,2
#thegift,2
#grandopening,2
#magic,2
#fastedtraining,2
#liveyourbestlife,2
#mothersday,2
#sarcasm,2
#eatwell,2
#respect,2
#workoutroutine,2
#lowerbodyexercise,2
#gymmotivation,2
#funny,2
#wrestlemania,2
#tailsdotcom,2
#menopausal,2
#sundayfunday,2
#raisethebar,2
#gymworkouts,2
#letswork,2
#legworkouts,2
#occlusiontraining,2
#yamamotonutrition,2
#feelinggood,2
#bicepsworkout,2
#bicepworkout,2
#staynutty,2
#ironaddicts,2
#cardioroutine,2
#lol,2
#lilaexogen,2
#restdays,2
#bootychallenge,2
#fitnesschallenge,2
#faithnotreligion,2
#ironaddict4life,2
#guessactive,2
#planta,2
#fitnessworkout,2
#mightyiag,2
#vitalinfluencer,2
#stpatricksday,2
#fuckaverage,2
#nightshred,2
#dietculturerebel,2
#postpartumbody,2
#healthychoice,2
#inclinebenchpress,2
#ownyourmonday,2
#inclinesmithpress,2
#vegan,2
#plantbased,2
#losingfat,2
#cico,2
#almondsfuelgood,2
#lilaxfrankmedrano,2
#realtimeworkout,2
#alhamdulillah,2
#danceworkout,2
#trainhappytuesdays,2
#dancepartyworkout,2
#improvethewayyoumove,2
#espn+,2
#bikiniworkout,2
#london,2
#bbgstronger,2
#almondmode,2
#bbgbeforeandafter,2
#healthyrecipe,2
#kettlebellpushups,2
#discovery2,2
#losingweightjourney,2
#foe,2
#challenge,2
#natureheals,2
#youtube,2
#pushups,2
#recovery,2
#internationalchestday,2
#faith,2
#familyiseverything,2
#followalongworkout,2
#weightlossmeals,2
#sweatprogress,2
#happystpatricksday,2
#hardestworkersintheroom,2
#realme,2
#pushyourself,2
#vivafitness,2
#bodybuilder,2
#trifecta,2
#fuckimpossible,2
#findyoursalt,2
#almonds,2
#fuckracism,2
#teamreach,2
#workoutvideos,2
#weightgain,2
#bosslady,2
#beachvibes,2
#maya,2
#openfitpartner,2
#blkboxfitness,2
#newyeahbuddy,2
#newlook,2
#selfempowerment,2
#lateralraises,2
#coaching,2
#kettlebelltraining,2
#hbd,2
#home,2
#theworldsfittestbook,2
#car,2
#swimsuit,2
#india,2
#bandpullaparts,2
#staystrong,2
#reardeltrow,2
#mybodymypower,2
#shouldersroutine,2
#dontworry,2
#familia,2
#swole,2
#successmindset,2
#success,2
#rocktoast,2
#flexibleeating,2
#strongmoms,2
#witfitness,2
#bestfriend,2
#thombrownefw21,2
#getferal,2
#cherigang,2
#stoic,2
#healthymindset,2
#fitoverforty,2
#brandoncurry,2
#trust,2
#loveyourself,2
#healthyshoulders,2
#shoulderhealth,2
#staypositive,2
#proteinbar,2
#delts,2
#mealprepping,2
#befit,2
#bestrong,2
#stayfocused,2
#determination,2
#childpfgod,2
#beginnerhandstand,1
#hmd,1
#handstandtutorial,1
#curlsgetthegirls,1
#seasons,1
#vertuebookclub,1
#trackworkout,1
#flowstatechallenge.,1
#weightlossfood,1
#murphyscoops,1
#flowstatechallenge,1
#nandos,1
#studio,1
#mobilityworkout,1
#crossandfit,1
#canyoutakethebinsout,1
#sodyourlockdownweightlossplan,1
#theonlywayisthrough‚Å£‚Å£,1
#betterreadthandead,1
#fatlossdiets,1
#underarmourambassador,1
#zerochill,1
#fatlossdiet,1
#longjump,1
#curlyhair,1
#wherethestrongbelong,1
#trackandfield,1
#ohdear,1
#realtimeyoga,1
#cantkeepmedown,1
#relaxingyoga,1
#tighthips,1
#sprinting,1
#hipstretches,1
#mindfuleatingtips,1
#mightgiveitagothough,1
#fatburner,1
#notintheopen,1
#mindlessbehavior,1
#ifklokovcanbicepscan,1
#weightlossmealplan,1
#weightlosstip,1
#uaflow,1
#unilateraltraining,1
#stopburningtheshitoutofyourhair,1
#anteriorobliquesling,1
#runningwarmup,1
#activeescapes,1
#tabatatraining,1
#summerorwinter,1
#thiccerthanyouraverage,1
#eatinghealthy,1
#motherhood,1
#bestoffive,1
#restdaythoughts,1
#melin,1
#4weeksoffocus‚Äù‚Å£,1
#4wof!,1
#womensmonth,1
#koral,1
#activeliving,1
#pilatesfordancers,1
#thefasttrack,1
#precisionnutrition#sponsored,1
#power13cookbook,1
#justflexingtwice,1
#jk,1
#nuttynotaverage,1
#amood,1
#4weeksoffocus,1
#shebackbaby,1
#backtothegym,1
#gotfitnessbackinmyname,1
#red,1
#trainers,1
#lookathowwellthepicslineupthough,1
#heels,1
#not,1
#thatwaslongbye,1
#sodeepiknow,1
#fitballifire,1
#youcantfallsittingonthekitchenfloor,1
#selfbelief,1
#underthebrim‚Å£,1
#4wof,1
#andyesthatiscam,1
#maelavate,1
#betterbacks,1
#muaythaistyle,1
#fastedandfurious.,1
#tadow,1
#allthestars,1
#10minutepilates,1
#springtimechallenge,1
#hartxfabletics,1
#fableticsambassador,1
#letmeblowyourmind,1
#almendras!,1
#almonds!!,1
#childodgod,1
#maelevate.,1
#wemeanlean,1
#mawarriorchallenge,1
#almonds?,1
#richgirl,1
#ma45day,1
#vegetarian,1
#ma30day,1
#empoweredchallenge.,1
#gymsharkfamilia,1
#rhinoneck,1
#globalrecyclingday,1
#everysingleproduct,1
#bagyourbar,1
#dietwhey,1
#wings,1
#idrankanothericedlattetoday,1
#ballerinaworkout,1
#trunchbullmademedoit,1
#instavsreality,1
#yogablockppyyc,1
#gymsharkwomen,1
#croquetas,1
#actuallycostsnothing,1
#hewasawimp,1
#iwasalwaysanutter,1
#blue,1
#figure,1
#naturalbodybuilding,1
#haterswillsayitsphotoshop,1
#trunchbullgoesout,1
#trunchbull,1
#pearlywhites,1
#meerkatlol,1
#controlyourscroll,1
#protectyourpeace,1
#gameday,1
#gameface,1
#abtontour,1
#30.,1
#kaatsbaanspringfestival,1
#bicepsbirthday,1
#dogsofabt,1
#katieborenfitness,1
#jumpman23,1
#nikeairmaxday,1
#netflix,1
#doubleproppingpilates,1
#wowwhatatropper,1
#whattheheck,1
#queuethecommentsofshelooksbetterinsecondpic,1
#hugs,1
#egghead,1
#sorrylol,1
#aprilfools,1
#cheesecake,1
#cheeseball,1
#pilatesformen,1
#commentcheeselol,1
#saycheese,1
#fitballpppyyc,1
#pilatesforswimmers,1
#foodbaby,1
#pilatesforgolfers,1
#ishashtaggingnandosweirdlol,1
#okaymateyoucanstopnowbye,1
#sunsoutgunsout,1
#10minuteppyyc‚Äî‚Äî‚Äî‚Äî‚Äî‚Äî‚Äî‚Äî‚Äî‚Äî‚Äî‚Äî‚Äî‚Äî‚Äî‚Äî‚Äî‚Äî‚Äî‚Äî‚Äî‚Äî‚Äî-,1
#allthingsnatal,1
#appreciatethelittlethings,1
#fitnessbands,1
#donuts,1
#exercisebands,1
#wenzelsthebakers,1
#loopbandppyyc,1
#cronuts,1
#freshforwardyourself,1
#hopefitnessgear,1
#selfreflection,1
#guns,1
#dogmom?,1
#weightlossfoods,1
#peakperformance,1
#6packabs,1
#6pack,1
#barrysbootcamp,1
#hiitworkouts,1
#zumba,1
#classpass,1
#movementforhealth,1
#hiitcardio,1
#ketodiet,1
#lisscardio,1
#water,1
#read,1
#lift,1
#genetics,1
#snickers,1
#fitnesslife,1
#healthandwellness,1
#kettlebellswings,1
#bike,1
#jogging,1
#functionalfitpilates,1
#weightlosssurgery,1
#improveposture,1
#rotatordisc,1
#twist,1
#artofmotion,1
#deadlift,1
#deadlifts,1
#airchair,1
#bodypos,1
#bopo,1
#nutritionist,1
#weight,1
#chairdesign,1
#jog,1
#ego,1
#myfitnessjourney,1
#flattummy,1
#sidesplits,1
#bookwork,1
#childrensbook,1
#twisting,1
#literacymovement,1
#janaybrownwood,1
#wcw,1
#herstory,1
#standingbalance,1
#dietitian,1
#balancetraining,1
#naturephotography,1
#naacpimageawards,1
#mindbodyspirit,1
#naturelovers,1
#functionalmovement,1
#mountainhiking,1
#bossbabybrody,1
#tinydancer,1
#brodysbookclub,1
#childrensbookauthors,1
#calorieburn,1
#workoutoftheday,1
#burpee,1
#crossfitwod,1
#crossfitgirls,1
#crossfit,1
#kidsbookshelf,1
#feet,1
#readaloud,1
#bookclubofinstagram,1
#feelgoodmobility,1
#goodreads,1
#bookworm,1
#education,1
#inspiringreaders,1
#weightlossrecipes,1
#hip,1
#ruggablepartner,1
#morningroutine,1
#musclemilkpartner,1
#plussizewellness,1
#trainhappymoment,1
#motivationmondays,1
#bootsx,1
#vitamind,1
#dogwalks,1
#rejectdietculture,1
#mengeteatingdisorderstoo,1
#rest,1
#nodaysoff,1
#unconditionalpermissiontorest,1
#dancecardio,1
#balanceforbetter,1
#thoracicmobility,1
#trainhappypodcast,1
#ownyourstrength,1
#business,1
#reopening,1
#fitmotivation,1
#handstands,1
#movewithme,1
#pyrenees,1
#downstretch,1
#explore,1
#landrover,1
#hipstretch,1
#extensions,1
#quadstretch,1
#kneestretch,1
#tentbox,1
#nomuscleleftbehind,1
#weekendtraining,1
#grouptraining,1
#outdoortraining,1
#mensmentalhealth,1
#nondietfitness,1
#therebuild,1
#welifar,1
#curlspartner,1
#blueberrybliss,1
#frizzfreecurls,1
#fitgurlsummer,1
#wod,1
#trainhard,1
#liftweights,1
#wellfar.,1
#listentoyourbody,1
#pregnancyfitness,1
#pregnancyfitness.,1
#postnatalfitness,1
#lockdownbabies,1
#buggyrunning,1
#breatsfeeding,1
#activewear,1
#tranformation,1
#chickswholift,1
#gymtime,1
#athomewiththermomix,1
#moveyourbody,1
#nanox1,1
#allmovementcounts,1
#youcandoit,1
#toneybands.,1
#communitysupport,1
#fitgirls,1
#musclegain,1
#skims,1
#summerbody,1
#abroutine,1
#morningthoughts,1
#thichapilates,1
#movewithintention,1
#1)!,1
#outdoorphotography,1
#refuel,1
#warriorpose,1
#hundred,1
#emotionaleating,1
#over50women,1
#emotionaleater,1
#snacktimeüòã,1
#emotionalhunger,1
#loseweightafter40,1
#rollup,1
#losingweightfeelinggreat,1
#pointe.,1
#kathrynmorganandfriends,1
#minigoldendoodlesofinstagram,1
#newpuppyparents,1
#kmandfriends,1
#newpuppylove,1
#newpuppymom,1
#minigoldendoodle,1
#hungry,1
#weightlosschallengeonline,1
#rollover,1
#legcircles,1
#pilatesswan,1
#pilatessaw,1
#corkscrew,1
#powerhouse,1
#pilateslifestyle,1
#sportsrehab,1
#alignment,1
#pilatespassion,1
#perimenopausal,1
#loseweightnow,1
#menopuseweightloss,1
#breath,1
#weightlosssuccessstory,1
#rollback,1
#rollikeaball,1
#onpointe,1
#islam,1
#naacpimageawards!,1
#nuffsaid,1
#yagpstudio2home,1
#yagp,1
#snackattack,1
#talisman,1
#nibbles,1
#studio2home,1
#kmhaul,1
#donquixote,1
#getup,1
#motivationalsayings,1
#motivationalmoments,1
#motivationalthought,1
#motivationalspeaking,1
#menopausefatloss,1
#loseweightfeelgreat,1
#ouch,1
#balletcoaching,1
#balanchine,1
#cloudandvictory,1
#age5,1
#enpointe,1
#dancetrainer,1
#dancetips,1
#getupp,1
#minigoldendoodlepuppy,1
#mompodcast,1
#beyondthepointepodcast,1
#dancerstrong,1
#ballettips,1
#professionaldancer,1
#kathrynmorgan,1
#dancepodcast,1
#uptonogood,1
#minigoldendoodles,1
#tuesdayvibes,1
#fitnessaddict,1
#perimenopauseweightloss,1
#womenwholift,1
#recordaresvivir,1
#instagramlive,1
#performanceart,1
#marcelogomes,1
#lagala,1
#rocking,1
#moveoftheday,1
#mtyibg,1
#pilatesseal,1
#girlswholift,1
#pilatescrab,1
#pilatesrollup,1
#sideplant,1
#lagalacontigo,1
#losingweightinmenopause,1
#proteinpacked,1
#calorietracking,1
#dancers,1
#twylatharp,1
#choreographersofinstagram,1
#controlbalance,1
"#manon,",1
#tranquility,1
#sesamestreet,1
#pike,1
#towelworkout,1
#boysdancetoo,1
#yogawheel,1
#arthurmitchell,1
#pilatespractice,1
#rotatorcuffrehab,1
#choreographers,1
#rotatorcuff,1
#pushupchallenge,1
#americanmasterspbs,1
#pbsforthearts,1
#yogamat,1
#caloriecounter,1
#loseweightforgood,1
#fatlossnutrition,1
#losingweightmotivation,1
#menopauserelief,1
#shoulderbridge,1
#bicycle,1
#fitish,1
#scissors,1
#outofshape,1
#workouttip,1
#exerciseathome,1
#doublelegkick,1
#singlelegkick,1
#fitmominprogress,1
#liftlikeagirl,1
#pilatesbrasil#pilatescommunity,1
#fitmomstrongmom,1
#dietssuck,1
#spinetwist,1
#glutework,1
"#vennball,",1
#dietculturesucks,1
#agestronger,1
#weightlosscheck,1
#marchmatness2021-,1
#hipcircle,1
#functionalmobility,1
#functionalstrength,1
#biggestloser,1
#sustainableweightloss,1
#weightlosshack,1
#dinnertime,1
#jackknife,1
#whatsfordinnertonight,1
#familydinnerideas,1
#weightlossishard,1
#islamicquotes,1
#fitnessover50,1
#ramadandecor,1
#positivevibesonly,1
#feedme,1
#iftar,1
#overnightoats,1
#suhoor,1
#ramadantraining,1
#crossfitworkout,1
#emomworkout,1
#gymlifestyle,1
#calfgoals,1
#whateverittakes,1
#pumpcity,1
#knowyouareenough,1
#yogalifestyle,1
#yogadaily,1
#weekendvibes,1
#overnightoatsrecipe,1
#trainingplan,1
#holdon,1
#controlledtraining,1
#dancing,1
#justinbieber,1
#gymsopen,1
#yogaforhips,1
#feelinggrateful,1
#quotestoliveby,1
#backinbusiness,1
#barberlife,1
#freshfade,1
#barbershop,1
#blog,1
#muslimtrainer,1
#pma,1
#advice,1
#tempotraining,1
#barbelltraining,1
#olympicweightlifting,1
#mantrasundays,1
#mancrush,1
#vacationmode,1
#marthasvineyardlife,1
#nohairdontcare,1
#updown,1
#loveorhate,1
#mountain4women,1
"#internationalwomensday,",1
#thickthighssavelives,1
#orgainpartner,1
#goodcleannutrition,1
#drinkorgain,1
#abdominalseparation,1
#postpartumgoals,1
#postpartumbelly,1
#absworkouts,1
#scooters,1
#capecod,1
#visitmassachusetts,1
#practicemakesprogress,1
#peleton,1
#gustavo,1
#colleensaidmanyeeyoga,1
#happiness,1
#bodylove,1
#selfworth,1
#yogareplay,1
#newengland,1
#sisterbonds,1
#sistersister,1
#burpeesfordays,1
#marthasvineyard,1
#yogacouple,1
#getaway,1
#onlineyoga,1
#fitnessadvice,1
#ramadan_kareem,1
#runningcommunity,1
#morningyoga,1
#pajamaset,1
#outfitoftheday,1
#monkeypose,1
#pajamasallday,1
#sagharbor,1
#newblog,1
#copingwithchange,1
#yogafordays,1
#pajamas,1
#havenwellwithin,1
#ƒ±nstagood,1
#hanumanasana,1
#bettersleepbetteryou,1
#sleepbetterlivebetter,1
#sundayyoga,1
#easteryoga,1
#backtowork,1
#hoplikeabunny,1
#beyourownhero,1
#beahero,1
#favoritemug,1
#positive,1
#reelitfeelit,1
#commentbelow,1
#reelsinstagram,1
#favoritethings,1
#goodfriday,1
#famliyfirst,1
#easteregghunt,1
#bunnyweekend,1
#eastersunday,1
#easterbunny,1
#getonyourmat,1
#sleepbetterwithcbd,1
#sleeptipsandtricks,1
#sweetdreams,1
#handsdowntoesup,1
#whenirisheyesaresmiling,1
#goodpain,1
#bodyworkout,1
#bootylicious,1
#yogateachers,1
#legtraining,1
#memoriesforlife,1
#shamrocks,1
#grateful,1
#irishgirl,1
#squadgoals,1
#nikefam,1
#strongnewlook,1
#armbalance,1
#gymsopening,1
#massagetherapy,1
#physiotherapy,1
#irishjig,1
#antiasianracism,1
#ahimsa,1
#spreadkindness,1
#donate,1
#volunteer,1
#runnersofinstagram,1
#justdoit,1
#runninglife,1
#bekind,1
#sondayfunday,1
#hateisavirus,1
#frisbee,1
#preventionisbetterthancure,1
#dynamiccupping,1
#metime,1
#ditchthediet,1
#ditchthescale,1
#cellulit,1
#pilateseducation,1
#leftovers,1
#legchallenge,1
#livestreamstudio,1
#fly,1
#workoutchallenge,1
#endometriosisawarenessmonth,1
#postpregnancy.,1
#bbgcommunity:,1
#bbgstronger.,1
#bbgzeroequipment.,1
#quoteoftheday,1
#bbgcommunity...,1
#fitnessquote,1
#funnyquote,1
#internationalwomensday2021,1
#mamaalways,1
#teachpilates,1
#bmi,1
#wundabarondemand,1
#boutiquefitness,1
#socalfit,1
#celebfitness,1
#studioworkout,1
#manhattanlife,1
#healthyfit,1
#bicoastal,1
#redefiningfitness,1
#activemom,1
#celebworkout,1
#takarashinetuesday,1
#dopilates,1
#workoutinspo,1
#tonebody,1
#pilatesworkouts,1
#workoutform,1
#fitnesseducation,1
#tomatorecipes,1
#tomatodishes,1
#greekfood,1
#sweatmums,1
#postpregnancyworkout,1
#athomeworkoutvideos,1
#postpregnancy,1
#instafood,1
#sweatcommunity!,1
#workoutalternatives,1
#stretches,1
#summervibes,1
#announcement,1
#mums,1
"#bbgmums,",1
#siblinglove,1
#nationalsiblingsday,1
#vegetarianmeals,1
#quietworkout,1
#fitnessinstruction,1
#ganggang,1
#truthbomb,1
#lifestyles,1
#mindsetshift,1
#highintensity,1
#sweattransformation,1
#blackgirlmagic,1
#blackgirlsyoga,1
#whiteboardworkoutüòú,1
#saweetie,1
#mumlife,1
#workouts,1
"#bbgzeroequipment,",1
#cooldown,1
#improveyourform,1
#nyc,1
#utah,1
#utahisrad,1
#waistlinetoning,1
#keepstretching,1
#50,1
#lowerback,1
#excusesüòÖ,1
#testbooster,1
#3),1
#teamupilates,1
#hipcircles,1
#classicmatpilates,1
#pelvicfloor,1
#upilatesapp,1
#upilatescobham,1
#lululemon,1
#intention,1
#upilatestudio,1
#classicpilates,1
#softbellychronicles,1
#rodneyyee,1
#loveislove,1
#salmon,1
#pescetarianlife,1
#mealprepsunday,1
#whenim64,1
#newman,1
#willyoustillneedmewhenim64,1
#birthdaypresent,1
#salmondinner,1
#whodis,1
#birthdayweek,1
#64,1
#mealprepideas,1
#bald,1
#birthdayparty,1
"#inspiration,",1
#pilateseducator,1
#pilatesmoves,1
#habits,1
#celeb,1
#nycfitness,1
#pwrhouse,1
#affirmations,1
#fitnessismorethanphysical,1
#highlight,1
#nofilter,1
#sandiegofitness,1
#losangelesfitness,1
#nomakeup,1
#newyork,1
#pwrprogress!,1
#beautahful,1
#getoutside,1
#hiking,1
#empwryourself,1
#nycfit,1
#ladieswholift,1
#internationalpilatesday!!,1
#adherence,1
#emotion,1
#plan.,1
#discipline.‚Å£,1
#dietingphase‚Å£,1
#willpower,1
#transformwithcarbon,1
#igtvworkout,1
#strongspine,1
#howitstartedhowitsgoing,1
#pwrcommunity,1
#sculpt,1
#strengthen,1
#formfirst,1
#toughthrough365,1
#coffeelover,1
#coffeesuggestions,1
#muscletension,1
#fatlossplan,1
#hypervibeg17,1
#wholebodyvibration,1
#teamhypervibe,1
#hypervibeglobal,1
#accelerationtraining,1
#frequencytraining,1
#twinkies,1
#timeundertension,1
#howtobuildstrength,1
#carbon38takara,1
#fitnesstips,1
#boxerbarre,1
#carbon38ambassador,1
#team38oc,1
#lowerbodyday,1
#strengtraining,1
#miniballworkout,1
#hypervibe_ambassador,1
#mindandbody,1
#workoutflow,1
#glutebridge,1
#nutritionadvice,1
#dieitinghelp,1
#formtips,1
#fitat50,1
#cadillacpilatesexercises,1
#virtualclass,1
#stepups,1
#strongwomantraining,1
#buildingmsucle,1
#glutesofsteel,1
#armsstrength,1
#pilatesarms,1
#enjoymydailyplank,1
#hiitmewithpilates,1
#homeworkouts4u,1
#exercisecalories,1
#adoreyourcore,1
#iamnotadancer,1
#iteachpilates,1
#balletexercises,1
#upstretch,1
#thesaw,1
"#fiercecommunity,",1
#legpullfront,1
#backsupport,1
#mm21,1
#fierce!,1
#sidekickkneeling,1
#levelup,1
#pilatesprops,1
#workoutwednesdays,1
#abdominalseries,1
#nanox1s,1
#underthearmour,1
#workouttime,1
#caloriesincaloriesout,1
#movewintention,1
#loseweight,1
#üåèplankaroundtheworld,1
#coreexercise,1
#instafriendship,1
#frontsquats,1
"#equalplay,",1
#hypervibetraining,1
#hypervideo,1
#hypervibepilates,1
#strongwomenwholift,1
#onlineclasses,1
#pilatesondemand,1
#armsworkoutforwomen,1
#armworkouts,1
#fitafter50women,1
#fitater50,1
#ramadanvibesüåô,1
#modifiedpilates,1
#muslimah,1
#fitballworkout,1
#ramadan_karim,1
#ùôøùöíùöïùöäùöùùöéùöúùó£ùóøùóºùóΩfree,1
#ramadandecorations,1
#islamic,1
#ramadanvibes,1
#ad!,1
#winwin,1
#strengthtrainingforwomen,1
#buidlingmuscle,1
#pilatespowertribe,1
#howtoliftweights,1
#allah,1
#ramadan2021üåô,1
#toningballppyyc,1
#karenspilatesplace,1
#foamroller#foamrollerppyyc,1
#ramadanmubaraküåô,1
#ramadankareemüåô,1
#ramadanfood,1
#10for10ppyyc,1
#ramadan_nights,1
#ÿ±ŸÖÿ∂ÿßŸÜ,1
#toningball,1
#quran,1
#hijab,1
#muslim,1
#ramadan1441,1
#ramadan_mubarak,1
#10minuteworkout,1
#trongwomen,1
#thebasics,1
#toesox,1
#plankingaroundtheworld,1
#exercisesband,1
#tricepstraining,1
#triceps,1
#fitnessover50women,1
#pilatestravels,1
#fitandfifty,1
#buidlingstrength,1
#getstrong,1
#weightlossstruggle,1
#fitafter50,1
#happywifehappylife,1
#consistency,1
#upperbodyday,1
#behealthy,1
#armday,1
#therabandppyyc,1
#resistanceband,1
#matchmatness,1
#fitafterfifty,1
#intermediatepilates,1
#nutritionhelp,1
#workoutgoals,1
#keepitsimple,1
#strongafter40,1
#strongafter50,1
#caloriescount,1
#workoutwear,1
#funfitfamilytime,1
#yycfitness,1
#tricepsday,1
#armexercise,1
#flexdisc,1
#minifoamroller,1
#toneyourcore,1
#wundachair,1
#hero,1
#mouseinthehouse,1
#lifemotivation,1
#200hrytt,1
#covid_19,1
#oneyearago,1
#staysafe,1
#nationaldayofreflection,1
#dumbbell,1
#nocco,1
#gripitandripit,1
#ytt,1
#hanginthere,1
#livestreamteachertraining,1
#yogalove,1
#pranayama,1
#yogaposeoftheday,1
#mouseattack,1
#camelpose,1
#pilateschairworkout,1
#pincha,1
#tiedyefashion,1
#beautifulnature,1
#purlingbrookfalls,1
#naturelover,1
#waterfalls,1
#bendyyogis,1
#yogavideo,1
#tiedye,1
#ibendsoidontbreak,1
#babycrow,1
#crowpose,1
#noanimalsharmed,1
#mightymouse,1
#pigeonpose,1
#alochallenge‚Å£,1
#onlineyogateacher,1
#95thbirthday,1
#barbellcomplex,1
#partylikeitsyourbirthday,1
#lieontheearth,1
#loveyourmotherüåé,1
#yogaoffthemat,1
#april2021,1
#inov8training,1
#donnakaran,1
#urbanzenintegrativetherapy,1
#integrativehealth,1
#essentialoils,1
#integrativemedicine,1
#reiki,1
#uzit,1
#caregivers,1
#restorativeyoga,1
#coffeeproject,1
#groundingenergy,1
#planetearth,1
#earthdayiseveryday,1
#lifelessons,1
#dadsofinstagram,1
#shinebright,1
#sweet,1
#heatwave,1
#italy,1
#dad,1
#bday,1
#loveplanetearth,1
#twopostsoneday,1
#comittment,1
#memories,1
#earthmonth,1
#feetintheearth,1
#earthweek,1
#fashun,1
#kettlebells,1
#prepandprime,1
#positivementalattitude,1
#wednesdayworkouts,1
#run,1
#hipsandthighs,1
#tonedcore,1
#corecontrol,1
#doublelegstretch,1
#notjustfitness,1
#renew,1
#balletbeautiful,1
#didyouknowfacts,1
#slashie,1
#didyouknow,1
#soulmates,1
#wellwell,1
#righthererightnow,1
#pilatesforever,1
#views,1
#handstand,1
#standingmatwork,1
#pilateslegs,1
#wellnessjourney,1
#flexiespilateabar,1
#absandlegs,1
#upperlowerbody,1
#marathon,1
#flexiespilatesbar,1
#pilatesrollover,1
#buttlifters,1
#mentalhealthmatters,1
#absandbooty,1
#modifiedrollover,1
#pilatestutorial,1
#challengeyourself,1
#liveitloveit,1
#sprinter,1
#raes,1
#motivational,1
#crossfitcommunity,1
#youvsyou,1
#coachingtips,1
#sundayvibes,1
#stretchingexercises,1
#itsnotjustfitnessitslife,1
#phdnutrition,1
#proteinshake,1
#preparation,1
#traininghard,1
#mindsetmatters,1
#swissballpilatesexercise,1
#fluidformxraes,1
#pilatesbyronbay,1
#fluidformsydney,1
#crossfitopen,1
#doyoualmond,1
#schoolholidayworkouts,1
#manlikeharry,1
#positivityspreadspositivity,1
#knowledgeispower,1
#calisthenics,1
#gotit,1
#bachata,1
#brunchdate,1
#lunchdate,1
#absexercises,1
#thechamp,1
#gainz,1
#fitcouple,1
#strengthredefined,1
#surroundyourselfwithpositivepeople,1
#muscletechpartner,1
#samegamedifferentlevels,1
#beachbaby,1
#fasciallines,1
#marvelous,1
#rumbleyoungmanrumble,1
#nationalsiblingday,1
#brothers,1
#growth,1
#goforit,1
#contribution,1
#yourfutureselfappreciatesyou,1
#brothersiniron,1
#philheathclassic.,1
#breakingolympia,1
#7xmrolympia,1
#muscletime,1
#6,1
#militaryfreshnetwork,1
#military,1
#mkphotography,1
#Î≥¥ÎîîÎπåÎî©,1
#2018,1
#Î£®Ìã¥,1
#proshow,1
#Ìè¨Ïßï,1
#dreamkiller,1
#intraguard,1
#godblesstexas,1
#dreamchaser,1
#backday,1
#ifnotyouthenwho,1
#pump,1
#hyperrush,1
#myaddiction,1
#peel,1
#undeniable,1
#youaintseennothingyet,1
#bonedry,1
#destiny,1
#rainierbeachvikings,1
#gymdevotion,1
#cowboynation,1
#missedbutneverfogotten,1
#mvm,1
#benweider.,1
#thefliestgrandpaever,1
#odeafightingirish,1
#leanwiththecurve,1
#trackdays,1
#ifbbpro,1
#competition,1
#dontjudge,1
#videography,1
#freefirepartner,1
#parkersdad,1
#livefit,1
#beyourownboss,1
#strengthwars,1
#movie,1
#generationiron,1
#strengthwarsmovie,1
#documentary,1
#strongman,1
#personaldevelopment,1
#innerstrength,1
#frozenfood,1
#freshfruit,1
#celebratelife,1
#proudmama,1
#achieve,1
#newin,1
#investinyourself,1
#superheroes,1
#creatine,1
#celsiuscircuitchallenge,1
#malibuvibes,1
#celsiuslivefit,1
#chobani,1
#cbvisuals,1
#carbonculture,1
#sonya7iii,1
#playmaker,1
#destinedforgreatness,1
#o15,1
#manymoretocome,1
#happyaprilfools,1
#tbt‚Å£,1
#letsgoooooo,1
#stdavidsday,1
#tmz,1
#todaysagoodday,1
#mymotivation,1
#teammonsterenergy,1
#march27th,1
#legend,1
#flexwheeler,1
#seeyasoonbro,1
#cymruambyth,1
#fitfamily,1
#bodybuilders,1
#progressnotperfection,1
#press,1
#neverskiplegday,1
#chocalatecaramelcandybar,1
#signatureseries,1
#fuckhate,1
#happinesshasnoprice,1
#shoveyacashupyaass,1
#mustardseedfaith,1
#fuckfear,1
#fuckpain,1
#prayeveryday,1
#samson,1
#courage,1
#drugfree,1
#failureisnotfatal,1
#strengthlegacy,1
#natural,1
#icantplayshit,1
#icytg,1
#ucwpodcast,1
#manoffaith,1
#loveoneanother,1
#hulksmashll,1
#tricep,1
#drugfreepowerlifting,1
#swoleprogram,1
#totalwar,1
#ryderwear,1
#teamryderwear,1
#reignbodyfuel,1
#yourreignyourrules,1
#tmaexperience,1
#transmaldivian,1
#tma,1
#differentinwater,1
#8weekchallenge,1
#ironaddictfamily,1
#longbeach,1
#proudvet,1
#getthefuckawayfromme,1
#sayitdontsprayit,1
#oldschool,1
#irontherapy,1
#backyard,1
#unconditionallove,1
#iagarmy,1
#mana,1
#ifyousmellwhattherockiscooking,1
#hardestworkerintheroom,1
#cookiedealer,1
#shoulder,1
#earn,1
#earnednotgiven,1
#vision,1
#dream2believe,1
#thebest,1
#doingwork,1
#flexing,1
#movingweight,1
#bornday,1
#cookiemonster,1
#daretodreambigger,1
#justgettingstarted,1
#workaholic,1
#allgasnobreaks,1
#noecxuses,1
#bedrivem,1
#insdaily,1
#modaymotivation,1
#thegrind,1
#cookies,1
#thewin,1
#itdoesntmatter,1
#daddysgirl,1
#father,1
#youaintshitmuthafucka,1
#allinnorrgrets,1
#getupmuthafucka,1
#trainingapp,1
#forthefacebookcommunity,1
#notforpacifiersuckinpussys,1
#exclusive,1
#ctfletchersignatureseries,1
#fuckyofeelings,1
#practice,1
#newflavors,1
#newflavora,1
#nopressurenodiamond,1
#lightweightbaby,1
#femalemotivation,1
#teamrcss,1
#lightweightbuddy,1
#fight,1
#prayer,1
#move,1
#fake,1
#workout!!,1
#naptime,1
#dreamteam,1
#adulting,1
#crisis,1
#smartkid,1
#actress,1
#aquariusrising,1
#ariesseason,1
#joy,1
#earthing,1
#no1fan,1
#wtffffffff,1
#neveradullmoment,1
#4,1
#garden,1
#fromthefart,1
#thelimitdoesnotexist,1
#cucumberseason,1
#alive,1
#boundaries,1
#harvest,1
#gardening,1
#originaruba,1
#lightinthedark,1
#moldmademedoit,1
#alovestory,1
#lea,1
#pappa,1
#mamma,1
#whogivesashit,1
#hazmatdance,1
#defundthepolice.,1
#defundthepolice,1
#dauntewright,1
#sweden,1
#letitgo,1
#vacationcrisis,1
#dramatic,1
#soulmate,1
#hazmatfam,1
#literally,1
#rideordie,1
#toloveandletgo,1
#ringo,1
#dogspelledbackwardsisgod,1
#crisisvacation,1
#momoftheyearawardgoestoooooo,1
#goofball,1
#workhardplayhard,1
#bucketlist,1
#nature,1
#tulumvibes,1
#beautiful,1
#be,1
#r1athelete,1
#bepresent,1
#fruitsandgreens,1
#bestversionofyourself,1
#mama,1
#alwaystogether,1
#mamalife,1
#happywomensday,1
#louisvuitton,1
#keepgoing,1
#trysomethingnew,1
#lgpl7,1
#lgxboomgo,1
#bestbluetoothspeaker,1
#blutetoothspeaker,1
#cabo,1
#registerednurse,1
#staymotivated,1
#findaway,1
#thinkforyourself,1
#epictetus,1
#onemoreday,1
#lsfbuiltbooty,1
#classicphysique,1
#thebodyengineer,1
#craftd,1
#craftdldn,1
#hechoenmexico,1
#meditations,1
#marcusaurelius,1
#seneca,1
#staytuned,1
#shredded,1
#bodybuildingmotivation,1
#hercules,1
#tavicastro,1
#revolveinbloom,1
#women,1
#womenempoweringwomen,1
#weareone,1
#universe,1
#35,1
#earlythirties,1
#artist,1
#whereisthestage,1
#whatieat,1
#newhairstyle,1
#brownhair,1
#fangirl,1
#bodytransformation,1
#embrace,1
#ownit,1
#doitfortheprocess,1
#summerstyle,1
#feminine,1
#queens,1
#workworkwork,1
#itsthatsimple,1
#simplelife,1
#coffeeaddict,1
#mondaymood,1
#newweek,1
#heyduggee,1
#inspiringstories,1
#thebodycoachtv,1
#goustogang,1
#foodforthought,1
#tryhard,1
#notfunny,1
#tipoftheday,1
#busybee,1
#behindthescenes,1
#cellulite,1
#confident,1
#neverquit,1
#dontbelievethehype,1
#bcaa,1
#waste,1
#mondayvibes,1
#powerwoman,1
#fact,1
#beproud,1
#eathealthy,1
#everydaylife,1
#funtime,1
#dayinthelife,1
#trusttheprocess,1
#keepgrinding,1
#womanempowerment,1
#hypothyroidism,1
#kca,1
#nickelodeon,1
#newzealand,1
#bestdadintheworld,1
#wwe,1
#rangerover,1
#autobiography,1
#gracias,1
#danki,1
#tack,1
#swedennext,1
#amsterdam,1
#swedenbound,1
#travelday,1
#wrestlemania37,1
#aruba,1
#helloandgoodbye,1
#toomuchtobear,1
#littlemoon,1
#lealuna,1
#everydayisearthday,1
#catarateando,1
#letsgo!,1
#itsnotabaddayitsabadmoment,1
#wwehof,1
#wweuniverse,1
#legends,1
#muscleandfitness,1
#sharpiebeardsforthewin,1
#nobsapp,1
#moreselflove,1
#vush,1
#vushfam,1
#nfr,1
#curlywurly,1
#adgifted,1
#gymsession,1
#gymadvice,1
#mamaknowsbest,1
#trainingtips,1
#leggains,1
#benchpressing,1
#powerbuilder,1
#fitnesswoman,1
#fitnessquotes,1
#strongertogether,1
#stronger12h,1
#calvienklien,1
#guessactive‚Ä¶,1
#mortalkombatmovie,1
#newmom,1
#youngrock!!!,1
#briquela.com,1
#everyonesnowpregnant,1
#xbox,1
#healthywarriorenergy,1
#316dayüíÄ,1
#goat,1
#scsa,1
#canada,1
#coolshit,1
#sugarfreebaby,1
#2,1
#headinthegame,1
#oldhabits,1
#flavorsinyourmouth,1
#intothatgoodnight,1
#saturdaynight,1
#blackadam,1
#hugebrain,1
#miamidays,1
#newepisode,1
#consumerresearch,1
#chefrocky!,1
#midnightsneeeyak,1
#whataview,1
#forthemoms‚ù§Ô∏è,1
#alohafridayüå∫,1
#believeachieverepeatüí•,1
#productivity,1
#bottlefullofwater,1
#itsgonnabringyoudown,1
#allupinmyspace,1
#judginghard,1
"#justicesociety,",1
#jsa,1
#happybirthdayteremana,1
#finally,1
#bringthemana,1
#anotherroundanotherrally,1
#teremana.com,1
#amazon,1
#ba,1
#vodkabolognesesauce,1
#jumboshells,1
#freshmozz,1
#tequilaofcanada,1
#fridayfeedback,1
#nationalchamps,1
#biotechusa,1
#teamtruckdrivers,1
#bosslevel,1
#lessons,1
#afrosandpimples,1
#bestfansintheworldüåé,1
#nbc,1
#mucho,1
#beaurevetravel,1
#hodgesbayantigua,1
#womensbest,1
#orgullosamentetercos,1
#conlasestrellas,1
#seroparecer2021,1
#rebelde,1
#rbd,1
#trappea,1
#tumbala,1
#panty,1
#uapparelworld,1
#dedicationhasnolimitation,1
#ulissesjr,1
#uapparelarmy,1
#hardestworkerintheroom.,1
#literallycantfeelmylegs,1
#blackadam‚ö°Ô∏èüòâ,1
#manabartenders,1
#rocktruck,1
#naturalcaffeine,1
#firstmatch‚òùüèæ,1
#horriblehaircut,1
#peopleschamp,1
#legacy,1
#pulse,1
#preworkoutnip,1
#tequilaofthepeopleü•É,1
#internationalwomensdayüí™üèæ‚ú®,1
#hawaiianwreckingcrew,1
#zerochanceofsurvival,1
#bigdaddys,1
#deliverthegoods,1
#blackadam‚ö°Ô∏ètraining.,1
#hollywoodcriticsassociation,1
#ufc259,1
#disney4l,1
#worldsfirst!,1
#chiefenergyofficer,1
#zoamodeüí•ü§£,1
#rentsdue,1
#havinfun,1
#zoaladies,1
#finishstrong,1
#risetocrescendo,1
#bestbirthdayever,1
#ohana,1
#aquabirthday,1
#tiaüå∫,1
#aquamanobsessed‚ò∫Ô∏è,1
#dontsleeponmydrawingskills,1
#happybirthdaytiaüíù,1
#hesprettycool,1
#aquaman,1
#happybirthdaytiag,1
#stonecoldsteveaustinüíÄ,1
#myüíù,1
#thisis3,1
#bumaye,1
#darknessonmyback,1
#1millionbucks,1
#ourlocalrestaurants,1
#coachcwik,1
#freedomhighschool,1
#itson,1
#gunslinginggoodtimes,1
#teremanatalk,1
#themaster,1
#ironparadise,1
#mixesgreatwithanesthesia,1
#teremanakaraoke,1
#breakofdawnboys,1
#rockandray,1
#rage,1
#piper,1
#strengthandconditioningcoach,1
#blackadamreadyüí™üèæ‚ö°Ô∏è,1
#daverienzi,1
#tequillaofthepeople,1
#backontheirfeet,1
#teremanatequila,1
#ufc261,1
#andstill,1
#ppv,1
#andnew....,1
#artisansatwork,1
#copperstills,1
#craftsmanship,1
#therock,1
#ownyourmonday.,1
#againstthedyingofthelight,1
#biggestbattleroyalever,1
#zoaxboxfridge,1
#collectorsitem,1
#surprise,1
#4left,1
#andnurses,1
#ohcanada,1
#mauisays,1
#mydaywithandreüñ§,1
#hawaii,1
#the80s,1
#whatdeydo,1
#chefrocky,1
#briochefrenchtoast,1
#eatwiselylivefabulously,1
#globalforce,1
#blackadam‚ö°Ô∏è‚¨õÔ∏è,1
#thepredatorera,1
#humblehungry,1
#ngannou,1
#thelongroad,1
#biggestnewcomedy,1
#saturdaynightseven,1
#sundaytraining,1
"#youngrock,",1
#day1,1
#protectorofthepeople,1
#madenotborn,1
#dmx,1
#zoaarmyüõ°,1
#dcuniverse,1
#changethegame,1
#thekingsüëë,1
#stallonevsschwarzenegger,1
#theubaby,1
#queeninspired,1
#guacontherock!,1
#relentlesspursuit,1
#relentless,1
#mondaymotivation!!,1
#owningtheoutcome,1
#1.,1
#mondaymotivationüí™üèæ,1
#iliveformomentslikethis,1
#anotheronebitesthedust,1
#sharah_ulisses,1
#aesthetics,1
#ff9,1
#5mesesü§∞üèº,1
#hyde,1
#hydextreme,1
#comdeussempre,1
#paramountplus,1
#launch,1
#funday,1
#flavors,1
#getyours,1
#sunnyday,1
#refreshing,1
#park,1
#orderonline,1
#bangenergysponsored,1
#newarrivals,1
#ordernow,1
#mouthwatering,1
#yummy,1
#springtime,1
#guess,1
#blooming,1
#picnic,1
#muitocalor,1
#30dayschallenger,1
#pomsky,1
#ifbbproclassicphysique,1
#npcwellness,1
#npcfigure,1
#olympiaqualifier,1
#nationalphysiquecommittee,1
#ifbbprofigure,1
#ifbbprofessionalleague,1
#npcfitness,1
#npcwomensphysique,1
#npcbodybuilding,1
#ifbbproleaguewellness,1
#earnit,1
#npcactivewear,1
#ifbbprobikini,1
#peakweek,1
#9daysout,1
#4weeksout,1
#5weeksout,1
#energydrinl,1
#bestfriends,1
#30dayschallenge,1
#caffeinefree,1
#bahamas,1
#heapingscoop,1
#15weekspregnant,1
#richpiana,1
#fire,1
#focsued,1
#redcon,1
#koenigsegg,1
#benidorn,1
#livingthedream,1
#monster,1
#350lb,1
#iwin,1
#maserati,1
#growingboy,1
#wife,1
#fastandfurious9,1
#race,1
#speed,1
#addiction,1
#veganfood,1
#action,1
#chill,1
#mma,1
#tattoos,1
#readyforwar,1
#warnerbro,1
#homedecor,1
#10semanas,1
#fitpregnancy,1
#abc,1
#kimmel,1
#interiordesign,1
#homestyling,1
#homeinspo,1
#homeinterior,1
#interiorinspo,1
#interior,1
#martynford,1
#demibagbyfit,1
#findyourcore,1
#workoutwedneday,1
#fuelyourambition,1
#myprotein,1
#refuelyourambition,1
#thenever,1
#cxnt,1
#icet,1
#ifbbpromensphysique,1
#npcbikini,1
#npcclassicphysique,1
#npcmensphysique,1
#spongebobsquarepants,1
#chanelcocobrown,1
#spongebob,1
#lateralraise,1
#standinglateralraise,1
#seatedlateralraise,1
#showerdrip,1
#prowlerpush,1
#sledpush‚Å£,1
#kettlebellrow,1
#armblaster,1
#landminesquat,1
#kettlebellsquats,1
#pullups,1
#upperchest,1
#upperchestworkout,1
#stiffleggeddeadlift,1
#rdls,1
#innoshred,1
#gnclivewell,1
#gnc,1
#thekrustykrab,1
#singlearmrow,1
#frontsquat,1
#lamborghini,1
#longtailrally2021,1
#mclaren570s,1
#fordgt,1
#mclaren675lt,1
#ferrari,1
#mclaren720s,1
#mclaren650s,1
#mclaren,1
#ferrari812,1
#nissangtr,1
#gobletsquat,1
#mclaren600lt,1
#nissannismo,1
#ferrari812superfast,1
#globalfitness,1
#comedy,1
#backflip,1
#innogreens,1
#greens,1
#narrowsquats,1
#facepull,1
#buttkicks,1
#highknees,1
#hbomax,1
#enjoy,1
#keepwriting,1
#chapter,1
#couple,1
#quemandorueda,1
#mirebelde,1
#ga_army,1
#teamgymaesthetics,1
#snydercut,1
#zeus,1
#freedom,1
#pectoral,1
#entrenamiento,1
#chest,1
#startstrong,1
#finishstronger,1
#flamingo,1
#tu,1
#viajeros,1
#caribe,1
#upsanddowns,1
#eltrabajoduroloconsiguetodo,1
#jumpingjacks,1
#landmineworkout,1
#mountainclimbers,1
#hmb,1
#boohoomanactive,1
#lats,1
#lunge,1
#gobletsquats,1
#bulgariansplitsquats,1
#aroundtheworlds,1
#drip‚Å£,1
#tbarrows,1
#hardworkwins,1
#tbar,1
#exercisebike,1
#coastfitness,1
#sea,1
#acts,1
#words,1
#zeus.,1
#start,1
#dumbell,1
#postpartum,1
#ootn,1
#pilatesmovesme,1
#newbalance,1
#prgift,1
#wearenature,1
#motherearth,1
#protectourplanet,1
#protectouroceans,1
#pachamama,1
#yogaprogram,1
#raiseyourvibration,1
#flashsale,1
#seizethemoment,1
#beginagain,1
#thejourneyoflife,1
#contest,1
#givewaways,1
#homeyoga,1
#bohobeautifulcomplete,1
#loveandlight,1
#samehelldifferentdevils,1
#newparents,1
#costarica,1
#digitalnomads,1
#attitudeofgratitude,1
#shareyourspot,1
#whereittakesyou,1
#sydney,1
#movingtogether,1
#ttf,1
#risingupstronger,1
#premiere,1
#nextgeneration,1
#abodyofwork,1
#book,1
#debut,1
#operahouse,1
#class,1
#anahata,1
#dancersareathletes,1
#interview,1
#mysydneyoperahouse,1
#anewera,1
#myhabeebzy,1
#mashallah,1
#alhamdulilahforeverything,1
#loveyourselfüíï,1
#perfectlyimperfect,1
#newmonth,1
#suspendedyoga,1
#pilatesclasses,1
#headstandvariation,1
#lilybodbabe,1
#pilatescertification,1
#suspendedpilates,1
#bosupilates,1
#bosuballworkout,1
#bosuball,1
#goodhyouman,1
#bootybandsworkout,1
#stabilityballworkout,1
#womenslegworkout,1
#unilaterallegtraining,1
#bootyexercises,1
#splitprogress,1
#pilatessale,1
#backbendchallenge,1
#ankleweightsworkout,1
#yogagfitness,1
#athleticpilates,1
#pilatesyoutube,1
#swimsuitfashion,1
#infinityloop,1
#lilybod,1
#fitnessbook,1
#inversions,1
#pilatescourses,1
#hiitcircuit,1
#yogaabs,1
#yogaflow,1
#barreabs,1
#poolsidepilates,1
#foamrollerpilates,1
#livbody,1
#homefitnessforladies,1
#livbodyathlete,1
#pilatesworks,1
#pilatesbrazil,1
#pilatesworkshops,1
#peachworkout,1
#bootybandexercises,1
#pilatesbooty,1
#spinecorrectorpilates,1
#spinecorrector,1
#nebbia,1
#pilateswithweights,1
#yogablockexercise,1
#boardwalk,1
#digitals,1
#ü©∞,1
#clubhouse,1
#solowednesday,1
#practicemakesbetter,1
#boasteakhouse,1
#fatherdaughtertime,1
#nuvolakegeneva,1
#linebyline,1
#jpsaxe,1
#poweroflove,1
#thiswomanswork,1
#msafam,1
#nuvohouston,1
#jazzdance,1
#jazz,1
#fatherdaughertime,1
#tightstuesday,1
#ballerino,1
#shannonbobannon,1
#nationalpetday,1
#msbit,1
#abtlivefromcitycenter,1
#abtprincipal,1
#danceonpartner,1
#myheadandmyheart,1
#atlanticpartner,1
#dogbirthday,1
#thebeardyboys,1
#sisterlove,1
#tilltheworldendsremix,1
#tiltheworldendsremix,1
#britneyspears,1
#styledbyalexayon,1
#whenigrowup,1
#dogdad,1
#dogmom,1
#ilovemyfurrbaby,1
#avamax,1
#dunkins1stbirthday,1
#doglover,1
#tinashe,1
#imeverywoman,1
#rudeboy,1
#birthdayboy,1
#bubbabirthday,1
#myhead,1
#myheart,1
#vintageballet,1
#werkerinawednesday,1
#vladimirvasiliev,1
#steezystudio,1
#bcsd,1
#vogue,1
#omg,1
#heart,1
#savethebees,1
#headshot,1
#marvel,1
#thor,1
#steezyballet,1
#brittanycavacocollection,1
#drinkkoia,1
#iglive,1
#shop,1
#dancewear,1
#sdbc,1
#sustainablefashion,1
#sustainablebrand,1
#cancunballetfest,1
#cancun,1
#photodump,1
#steezystudiosodanca,1
#krushitwithkoia,1
#balletvintage,1
#cmwhatmovesyou,1
#bolshoiballet,1
#nimblebiscuits,1
#petiteallegro,1
#oppofindx3pro,1
#awakencolour,1
#mondee,1
#lgbtbooks,1
#gaybookstagram,1
#cmsignatureeverywear,1
#friendsofclub,1
#breakingthesterotype,1
#internationalmale,1
#cindydump,1
#supernaturalpartner,1
#tiktok,1
#trending,1
#getsupernatural,1
#allpowerful,1
#hollywood,1
#classicleatherlegacy,1
#sanosfitness,1
#virtualstudio,1
#kpop,1
#chronicillnesswarrior,1
#womensinternationalday,1
#womensupportwomen,1
#empower,1
#womenentrepreneur,1
#dogs,1
#sideline,1
#instadogs,1
#plankvariations,1
#sculptedlegs,1
#quadsworkout,1
#gliderworkout,1
#lowerbodyworkouts,1
#sliderworkout,1
#gliders,1
#lowerbodyexercises,1
#theraband,1
#marchmadness,1
#butyoudontlooksick,1
#celiacawareness,1
#balletpointe,1
#celiacdisease,1
#smallwaistworkout,1
#ballpilates,1
#Ô∏è‚É£,1
#reformerabs,1
#adductorstrength,1
#hipflexibility,1
#innerthighgap,1
#dog,1
#barrelife,1
#innerthighworkouts,1
#totalbodycore,1
#cardiohiit,1
#cardiohiitworkout,1
#reformerflow,1
#barreonline,1
#pilatesanytimeus,1
#reformerstudio,1
#reformerpilatesinstructor,1
#balancedbodypilates,1
#barreblitz,1
#barrefusion,1
#homeexercisevideos,1
#fusionfitness,1
#dancebootybarre,1
#guthealing,1
#celiacblogger,1
#virtualpilatesclasses,1
#plussizedancers,1
"#gaynorgirls,",1
#nashvillelocals,1
#plussizeinfluencer,1
#nashvillelifestyle,1
#5,1
#therapytips,1
#nashvegas,1
#moderntherapist,1
#anxiety,1
#bodyacceptancemovement,1
#therapythoughts,1
#therapy,1
#sayhi,1
#oldnavystyle,1
#aejeans,1
#womeninspiringwomen,1
#plussizeblogger‚†Ä,1
#pointeshoe,1
#nashvillemodels,1
#bodyposi,1
#nashvillemodel,1
#balletworkout,1
#dancephotography,1
#ballerinastyle,1
#fatpositivity,1
#instadance,1
#nashvillephotography,1
#nashvillefashion,1
#chronicillnesslife,1
#normalizenormalbodies,1
#chronicillnessawareness,1
#invisibleillness,1
#recoverywarrior,1
#ibslife,1
#psychotherapist,1
#beyondyoga,1
#relationshiptalk,1
#counselorlife,1
#psa:,1
#celebratemysize,1
#gifted‚†Ä,1
#balletbody,1
#worldwidedance,1
#balletstyle,1
#lifeoftheballerina,1
#adductors,1
#posituvevibes,1
#positivethoughts,1
#smileüòä,1
#dancerspose,1
#california,1
#greenlifestyle,1
#gogreen,1
#yogagal,1
#beachpilates,1
#inspirationalthoughts,1
#greenlife,1
#bootybuilder,1
#hamstringsworkout,1
#thighexercises,1
#homepilatesworkouts,1
#corestrengthtraining,1
#pilatesinstructortraining,1
#homeworkouts.,1
#attainablepilates,1
"#core,",1
#barrestrong,1
#bridge,1
#spinalarticulation,1
#core.,1
#inspirationalwomen,1
#inspiringwomen,1
#santabarbara,1
#posturematters,1
#mobilitywork,1
#psm,1
#foamrolling,1
#dumbbellhomeworkout,1
#pilatesbooks,1
#bootybarreburn,1
#fitmoms,1
#fitmommy,1
#postureexercjses,1
#upperback,1
#pilatesgal,1
#upperbackworkout,1
#posterior,1
#postureperfectexercises,1
#barreinstructortrainjng,1
#barreody,1
#lowerbodysculpt,1
#legsfordays,1
#weekendworkout,1
#abdominal,1
#flexibility,1
#corestrengthening,1
#fitballworkouts,1
#nationalpuppyday,1
#palmsprings,1
#compoundexercises,1
#barreup,1
#pilatesbareeondemand,1
#barrearoundtheworld,1
#barresculpt,1
#barreinstructortraining,1
#josephpilates,1
#hipextension,1
#elasticbands,1
#palmspringsstyle,1
#therabandexercises,1
#dogworkout,1
#dogslife,1
#teaser,1
#3,1
#plankvariation,1
#corebody,1
#sideobliques,1
#planksfordays,1
#thighs,1
#team38,1
#fitpilates,1
#dancefitness,1
#pilatesballworkout,1
#hiitpilates,1
#cardiopilates,1
#circuitpilates,1
#totalbodycircuit,1
#planks,1
#barrearms,1
#progression,1
#barrenone,1
#mymonob,1
#hapoy,1
"#legs,",1
#toneybandthursday,1
#toneyband,1
#pilateslover,1
#armsday,1
#pilatesinspo,1
#legwork,1
#lowerbodycircuit,1
#happybirthdaytome,1
#mychokerbroke,1
#ladygaga,1
#datenight,1
#fordays,1
#theshred,1
#yumi,1
#hasbegun,1
#rainbow,1
#party,1
#dostuff,1
#benice,1
#toomuch,1
#helpme,1
#punchy,1
#7daysofzocchi,1
#goodtimes,1
#steak,1
#truestory,1
#fail,1
#lifting,1
#bang,1
#rockanbolders,1
#train,1
#shooting,1
#easy,1
#firness,1
#vomitting,1
#yuck,1
#foodsciencebabe,1
#onlinecoach,1
#rigidmealplan,1
#behaviorchange,1
#heelselevatedsquat,1
#anklemobility,1
#dietculture,1
#selfdoubt,1
#phdlife,1
#impostersyndrome,1
#fearbasedmarketing,1
#sled,1
#detoxdiets,1
#partnerworkout,1
#fitnessvariables,1
#bigrocks,1
#internationalsocietyofsportsnutrition,1
#issn,1
#saraheverard,1
#strenghtraining,1
#hardwork,1
#heatly,1
#tuna,1
#freeworkout,1
#pancakes,1
#nutritionscience,1
#satiety,1
#eastereggs,1
#dairy,1
#10dayketonechallenge,1
#10dayketochallenge,1
#flexiblediet,1
#lowfat,1
#ketones,1
#ketonechallenge,1
#atkins,1
#foodquality,1
#timerestrictedfeeding,1
#sixpacks,1
#eatingdisorders,1
#postbabybody,1
#halfpence,1
#50%off,1
#lowcalmeal,1
#magnum,1
#friyay,1
#satietyfoods,1
#potato,1
#foodaddict,1
#magazineshoot,1
#summerisover,1
#tacos,1
#successquotes,1
#lifeisartmagazine,1
#moneymagazine,1
#fitdad,1
#publicrelations,1
#magazinecover,1
#photo,1
#luxurylifestyle,1
#foodprocessing,1
#newagepublicrelations,1
#firnessmotivation,1
#lifeisart,1
#armandperi,1
#newagepragency,1
#sugaraddiction,1
#satietyindex,1
#sugaraddict,1
#foodaddiction,1
#bagelsandwich,1
#nofoodrestriction,1
#squatsetup,1
#bodyweight,1
#seferal,1
#ferales,1
#beferal,1
#fitbyvalen,1
#1:,1
#2:,1
#feralmode,1
#truesupps,1
#nplc,1
#officialgasp,1
#thebranchwarren,1
#jackrusselterrier,1
#zack,1
#mybestfriend,1
#prouduncle,1
#mother,1
#qualitytime,1
#motherlove,1
#laughter,1
#dialedin,1
"#420""",1
#wucv‚Å£‚Å£,1
#wucv‚Å£‚Å£‚Å£,1
#feraltraining,1
#vacaytime,1
#clientprogress,1
#bikinigirl,1
#summerfun,1
#cabovacay,1
#cheerstotheweekend,1
#tricepworkout,1
#gimmeallthebikinis,1
#amirite,1
#bikiniseason,1
#bikinilife,1
#feralkitchen,1
"#allstrengthnosweat,",1
#noplastic,1
#legcircuit,1
#kblegs,1
#beachbabe,1
#portioncontrol,1
#fiitnesschallenge,1
#resistancebandschallenge,1
#4weekchallenge,1
#earthday2021!,1
#diadelatierra!,1
#kotd,1
#internationalwomensday‚Å£,1
#whydoidothesethings,1
#whenwillilearn,1
#9monthsold,1
#mumfeels,1
#3yearsold,1
#alwaysbemybaby,1
#mybabygirl,1
#mydaughter,1
#mygirl,1
#moving,1
#byebyebrows,1
#tag,1
#brittnebabe21daychallenge:,1
#kimmypie,1
#ripmommy,1
#trainharderthanme,1
#flexfriday!,1
#armday!,1
#scaleweight,1
#targetweight,1
#oops,1
#athomebeauty,1
#cena,1
#soundoffood,1
#almuerzo!,1
#meatlessmonday,1
#saltbae,1
#dallas!,1
#alwayschill,1
#rescuedog,1
#adventureswithmax,1
#lunch?,1
#ftw,1
#sundayfunday.,1
#highboxjump,1
#neverimpressed.,1
#dallas,1
#blackhistorymonth,1
#martesdetacos,1
#metasdecarne!,1
#meatgoals,1
#boxjump,1
#broadjumps,1
#explosivetraining‚Å£,1
#weighlossjourney,1
#midweekmotivation,1
#christopherdavischoreography,1
#set,1
#gamer,1
#sharp,1
#active,1
#powerful,1
#studying,1
#activity,1
#brainfood,1
#cognitive,1
#reading,1
#painting,1
#workingout,1
#trx,1
#vegetarianfood,1
#saladlove,1
#stuffedavocado,1
#avocado,1
#bandexercises,1
#ariesbaby,1
#twosuns,1
#transdayofvisibility,1
#thisfitgivesmejlovibes,1
#concentration,1
#braingains,1
#activelifestyle,1
#cleaneats,1
#homecooking,1
#nutribullet,1
#pmaacfitness,1
#stairclimber,1
#vegankitchen,1
#recipeoftheday,1
#f52grams,1
#mushrooms,1
#foodblogfeed,1
#whatveganseat,1
#foodphotography,1
#heresmyfood,1
#forkyeah,1
#veganph,1
#skillet,1
#yummyph,1
#foodgawker,1
#foodandwine,1
#cauliflower,1
#makesmewhole,1
#cheese,1
#whichisyourfavoritelook,1
#nogym,1
#sus3,1
#houseofkicks,1
#unfinisheddoodlez,1
#kubskoutz,1
#teacher,1
#adjiconremix,1
#remix,1
#saveyourtears,1
#djicon,1
#kos,1
#livefromthe5ithelement,1
#goodmorningamerica,1
#choreo,1
#gma,1
#ylproductions,1
#music,1
#musicvideo,1
#influencer,1
#smackables,1
#happyinternationaldanceday,1
#jojogomez,1
#aura,1
#21+,1
#anytimeanywhere,1
#shopbopmoves,1
#taylorswift,1
#setlife,1
#hotgirlsummersculpt,1
#hotgirlsummersculpt!,1
#findthejoyinfitness,1
#marblecollection!!!!!!!,1
#stopasianhate!,1
#secretdeopartner,1
#allstrengthnosweat,1
#internationalwomensday.,1
#kylehanagamichoreography,1
#streetstyle,1
#iheartawards.,1
#honeyboo,1
#favechoreography,1
#atheworkouts,1
#beauty,1
#skincarejunkie,1
#acne,1
#skin,1
#trasnsformationtuesday,1
#doitright,1
#freeadvice,1
#pregnancysafeexercise,1
#fridayhiit,1
#milestone,1
#fitnessplatform,1
#sales,1
#thehappybodyplan#caloriedeficit,1
#olympia,1
#michellelewin,1
#childrenofcovid,1
#pandemic,1
#hourglassworkout,1
#photoshoot,1
#waterfilter,1
#teamhourglass,1
#holistic,1
#twl,1
#flatbelly,1
#lyzabeth,1
#muvers,1
#latina,1
#trainwithlyzabeth,1
#fitnessmodel,1
#sugarcleanse,1
#takeaway,1
#recipies,1
#healthynothealthy,1
#sleep,1
#sweaton,1
#pbj,1
#peanutbutter,1
#tatsy,1
#thehappbodyplan,1
#veggiefood,1
#lettucewrap,1
#burger,1
#fitnessfacts,1
#sleepscience,1
#caloiredeficit,1
#science,1
#weightlossscience,1
#info,1
#comfortfood,1
#healthyrecipies,1
#300cals,1
#recipie,1
#yorkie,1
#milkyway,1
#happymonday,1
#fitnessblogger,1
#igdaily,1
#summerready,1
#lockdownlives,1
#sundaytelegraph,1
#begreat,1
#size,1
#overweight,1
#obese,1
#fatnothealthy,1
#sizematters,1
#biggestgiveaway,1
#notrolling,1
#hotbodysummer,1
#bepositive,1
#onlypositivity,1
#michelinstar,1
#cheflife,1
#chefsofinstagram,1
#getreadyforsummer,1
#selfimprovement,1
#money,1
#yogabundle,1
#28daychallenge,1
#pmacchallenges,1
#tyson,1
#ilovesoca,1
#torontocarnival,1
#trinifamily,1
#soca,1
#carnivalnationz,1
#carnival,1
#caribana2021,1
#jumpup,1
#caribana,1
#caribanaweekend,1
#saldenah,1
#hotgirlsummer,1
#caribana2020,1
#toronot,1
#torontocarnival2020,1
#playmas,1
#trinidad,1
#mas,1
#caribanaweekend2020,1
#tysonsmommy,1
#workingparents,1
#pyreneesorientales,1
